processo_id,assunto,ordem_assunto
P00001,Instituição de Longa Permanência,1
P00002,Benefício Assistencial,1
P00003,Saúde da Pessoa Idosa,1
P00003,Pessoa Idosa,2
P00004,Acessibilidade,1
P00005,Transporte,1
P00006,Violência contra Pessoa Idosa,1
P00006,Transporte,2
P00007,Fraude/Crédito,1
P00008,Pessoa Idosa,1
P00009,Instituição de Longa Permanência,1
P00009,Benefício Assistencial,2
P00010,Benefício Assistencial,1
P00011,Saúde da Pessoa Idosa,1
P00012,Acessibilidade,1
P00012,Fraude/Crédito,2
P00013,Transporte,1
P00013,Fraude/Crédito,3
P00014,Violência contra Pessoa Idosa,1
P00015,Fraude/Crédito,1
P00015,Acessibilidade,2
P00016,Pessoa Idosa,1
P00017,Instituição de Longa Permanência,1
P00018,Benefício Assistencial,1
P00018,Instituição de Longa Permanência,2
P00019,Saúde da Pessoa Idosa,1
P00020,Acessibilidade,1
P00021,Transporte,1
P00021,Violência contra Pessoa Idosa,2
P00022,Violência contra Pessoa Idosa,1
P00023,Fraude/Crédito,1
P00024,Pessoa Idosa,1
P00024,Saúde da Pessoa Idosa,2
P00025,Instituição de Longa Permanência,1
P00026,Benefício Assistencial,1
P00026,Pessoa Idosa,3
P00027,Saúde da Pessoa Idosa,1
P00027,Pessoa Idosa,2
P00028,Acessibilidade,1
P00029,Transporte,1
P00030,Violência contra Pessoa Idosa,1
P00030,Transporte,2
P00031,Fraude/Crédito,1
P00032,Pessoa Idosa,1
P00033,Instituição de Longa Permanência,1
P00033,Benefício Assistencial,2
P00034,Benefício Assistencial,1
P00035,Saúde da Pessoa Idosa,1
P00036,Acessibilidade,1
P00036,Fraude/Crédito,2
P00037,Transporte,1
P00038,Violência contra Pessoa Idosa,1
P00039,Fraude/Crédito,1
P00039,Acessibilidade,2
P00039,Instituição de Longa Permanência,3
P00040,Pessoa Idosa,1
P00041,Instituição de Longa Permanência,1
P00042,Benefício Assistencial,1
P00042,Instituição de Longa Permanência,2
P00043,Saúde da Pessoa Idosa,1
P00044,Acessibilidade,1
P00045,Transporte,1
P00045,Violência contra Pessoa Idosa,2
P00046,Violência contra Pessoa Idosa,1
P00047,Fraude/Crédito,1
P00048,Pessoa Idosa,1
P00048,Saúde da Pessoa Idosa,2
P00049,Instituição de Longa Permanência,1
P00050,Benefício Assistencial,1
P00051,Saúde da Pessoa Idosa,1
P00051,Pessoa Idosa,2
P00052,Acessibilidade,1
P00052,Benefício Assistencial,3
P00053,Transporte,1
P00054,Violência contra Pessoa Idosa,1
P00054,Transporte,2
P00055,Fraude/Crédito,1
P00056,Pessoa Idosa,1
P00057,Instituição de Longa Permanência,1
P00057,Benefício Assistencial,2
P00058,Benefício Assistencial,1
P00059,Saúde da Pessoa Idosa,1
P00060,Acessibilidade,1
P00060,Fraude/Crédito,2
P00061,Transporte,1
P00062,Violência contra Pessoa Idosa,1
P00063,Fraude/Crédito,1
P00063,Acessibilidade,2
P00064,Pessoa Idosa,1
P00065,Instituição de Longa Permanência,1
P00065,Saúde da Pessoa Idosa,3
P00066,Benefício Assistencial,1
P00066,Instituição de Longa Permanência,2
P00067,Saúde da Pessoa Idosa,1
P00068,Acessibilidade,1
P00069,Transporte,1
P00069,Violência contra Pessoa Idosa,2
P00070,Violência contra Pessoa Idosa,1
P00071,Fraude/Crédito,1
P00072,Pessoa Idosa,1
P00072,Saúde da Pessoa Idosa,2
P00073,Instituição de Longa Permanência,1
P00074,Benefício Assistencial,1
P00075,Saúde da Pessoa Idosa,1
P00075,Pessoa Idosa,2
P00076,Acessibilidade,1
P00077,Transporte,1
P00078,Violência contra Pessoa Idosa,1
P00078,Transporte,2
P00078,Acessibilidade,3
P00079,Fraude/Crédito,1
P00080,Pessoa Idosa,1
P00081,Instituição de Longa Permanência,1
P00081,Benefício Assistencial,2
P00082,Benefício Assistencial,1
P00083,Saúde da Pessoa Idosa,1
P00084,Acessibilidade,1
P00084,Fraude/Crédito,2
P00085,Transporte,1
P00086,Violência contra Pessoa Idosa,1
P00087,Fraude/Crédito,1
P00087,Acessibilidade,2
P00088,Pessoa Idosa,1
P00089,Instituição de Longa Permanência,1
P00090,Benefício Assistencial,1
P00090,Instituição de Longa Permanência,2
P00091,Saúde da Pessoa Idosa,1
P00091,Transporte,3
P00092,Acessibilidade,1
P00093,Transporte,1
P00093,Violência contra Pessoa Idosa,2
P00094,Violência contra Pessoa Idosa,1
P00095,Fraude/Crédito,1
P00096,Pessoa Idosa,1
P00096,Saúde da Pessoa Idosa,2
P00097,Instituição de Longa Permanência,1
P00098,Benefício Assistencial,1
P00099,Saúde da Pessoa Idosa,1
P00099,Pessoa Idosa,2
P00100,Acessibilidade,1
P00101,Transporte,1
P00102,Violência contra Pessoa Idosa,1
P00102,Transporte,2
P00103,Fraude/Crédito,1
P00104,Pessoa Idosa,1
P00104,Violência contra Pessoa Idosa,3
P00105,Instituição de Longa Permanência,1
P00105,Benefício Assistencial,2
P00106,Benefício Assistencial,1
P00107,Saúde da Pessoa Idosa,1
P00108,Acessibilidade,1
P00108,Fraude/Crédito,2
P00109,Transporte,1
P00110,Violência contra Pessoa Idosa,1
P00111,Fraude/Crédito,1
P00111,Acessibilidade,2
P00112,Pessoa Idosa,1
P00113,Instituição de Longa Permanência,1
P00114,Benefício Assistencial,1
P00114,Instituição de Longa Permanência,2
P00115,Saúde da Pessoa Idosa,1
P00116,Acessibilidade,1
P00117,Transporte,1
P00117,Violência contra Pessoa Idosa,2
P00117,Fraude/Crédito,3
P00118,Violência contra Pessoa Idosa,1
P00119,Fraude/Crédito,1
P00120,Pessoa Idosa,1
P00120,Saúde da Pessoa Idosa,2
P00121,Instituição de Longa Permanência,1
P00122,Benefício Assistencial,1
P00123,Saúde da Pessoa Idosa,1
P00123,Pessoa Idosa,2
P00124,Acessibilidade,1
P00125,Transporte,1
P00126,Violência contra Pessoa Idosa,1
P00126,Transporte,2
P00127,Fraude/Crédito,1
P00128,Pessoa Idosa,1
P00129,Instituição de Longa Permanência,1
P00129,Benefício Assistencial,2
P00130,Benefício Assistencial,1
P00130,Pessoa Idosa,3
P00131,Saúde da Pessoa Idosa,1
P00132,Acessibilidade,1
P00132,Fraude/Crédito,2
P00133,Transporte,1
P00134,Violência contra Pessoa Idosa,1
P00135,Fraude/Crédito,1
P00135,Acessibilidade,2
P00136,Pessoa Idosa,1
P00137,Instituição de Longa Permanência,1
P00138,Benefício Assistencial,1
P00138,Instituição de Longa Permanência,2
P00139,Saúde da Pessoa Idosa,1
P00140,Acessibilidade,1
P00141,Transporte,1
P00141,Violência contra Pessoa Idosa,2
P00142,Violência contra Pessoa Idosa,1
P00143,Fraude/Crédito,1
P00143,Instituição de Longa Permanência,3
P00144,Pessoa Idosa,1
P00144,Saúde da Pessoa Idosa,2
P00145,Instituição de Longa Permanência,1
P00146,Benefício Assistencial,1
P00147,Saúde da Pessoa Idosa,1
P00147,Pessoa Idosa,2
P00148,Acessibilidade,1
P00149,Transporte,1
P00150,Violência contra Pessoa Idosa,1
P00150,Transporte,2
P00151,Fraude/Crédito,1
P00152,Pessoa Idosa,1
P00153,Instituição de Longa Permanência,1
P00153,Benefício Assistencial,2
P00154,Benefício Assistencial,1
P00155,Saúde da Pessoa Idosa,1
P00156,Acessibilidade,1
P00156,Fraude/Crédito,2
P00156,Benefício Assistencial,3
P00157,Transporte,1
P00158,Violência contra Pessoa Idosa,1
P00159,Fraude/Crédito,1
P00159,Acessibilidade,2
P00160,Pessoa Idosa,1
