pessoa_id,processo_id,data_nascimento,data_referencia_idade,idade_referencia,superidoso_80mais,tipo_vinculo
I00001,P00001,1955-03-04,2022-04-08,67,False,Vítima
I00002,P00002,1949-06-05,2023-07-15,74,False,Noticiante
I00003,P00003,1942-12-08,2024-01-22,81,True,Beneficiário
I00004,P00004,1937-02-14,2025-04-05,88,True,Interessado
I00005,P00005,1931-05-18,2026-07-12,95,True,Vítima
I00006,P00005,1947-04-28,2026-07-12,79,False,Beneficiário
I00007,P00006,1955-11-20,2022-01-19,66,False,Noticiante
I00008,P00007,1950-01-27,2023-04-02,73,False,Beneficiário
I00009,P00008,1944-04-30,2024-07-09,80,True,Interessado
I00010,P00009,1937-11-02,2025-01-16,87,True,Vítima
I00011,P00010,1932-02-03,2026-04-23,94,True,Noticiante
I00012,P00010,1964-01-24,2026-04-23,62,False,Interessado
I00013,P00011,1957-04-12,2022-07-06,65,False,Beneficiário
I00014,P00012,1950-10-15,2023-01-13,72,False,Interessado
I00015,P00013,1945-01-15,2024-04-20,79,False,Vítima
I00016,P00014,1939-03-25,2025-07-03,86,True,Noticiante
I00017,P00015,1932-09-27,2026-01-10,93,True,Beneficiário
I00018,P00015,1944-09-27,2026-01-10,81,True,Vítima
I00019,P00016,1957-12-28,2022-04-17,64,False,Interessado
I00020,P00017,1952-03-31,2023-07-24,71,False,Vítima
I00021,P00018,1945-09-09,2024-01-07,78,False,Noticiante
I00022,P00019,1939-12-11,2025-04-14,85,True,Beneficiário
I00023,P00020,1934-03-13,2026-07-21,92,True,Interessado
I00024,P00020,1962-03-23,2026-07-21,64,False,Noticiante
I00025,P00021,1958-08-22,2022-01-04,63,False,Vítima
I00026,P00022,1952-11-22,2023-04-11,70,False,Noticiante
I00027,P00023,1947-02-23,2024-07-18,77,False,Beneficiário
I00028,P00024,1940-12-02,2025-01-01,84,True,Interessado
I00029,P00025,1935-03-04,2026-04-08,91,True,Vítima
I00030,P00025,1942-11-24,2026-04-08,83,True,Beneficiário
I00031,P00026,1960-06-05,2022-07-15,62,False,Noticiante
I00032,P00027,1953-12-08,2023-01-22,69,False,Beneficiário
I00033,P00028,1948-02-15,2024-04-05,76,False,Interessado
I00034,P00029,1942-05-18,2025-07-12,83,True,Vítima
I00035,P00030,1935-11-20,2026-01-19,90,True,Noticiante
I00036,P00030,1959-08-22,2026-01-19,66,False,Interessado
I00037,P00031,1961-01-27,2022-04-02,61,False,Beneficiário
I00038,P00032,1955-04-30,2023-07-09,68,False,Interessado
I00039,P00033,1948-11-02,2024-01-16,75,False,Vítima
I00040,P00034,1943-02-02,2025-04-23,82,True,Noticiante
I00041,P00035,1937-04-12,2026-07-06,89,True,Beneficiário
I00042,P00035,1941-01-22,2026-07-06,85,True,Vítima
I00043,P00036,1961-10-15,2022-01-13,60,False,Interessado
I00044,P00037,1956-01-16,2023-04-20,67,False,Vítima
I00045,P00038,1950-03-25,2024-07-03,74,False,Noticiante
I00046,P00039,1943-09-27,2025-01-10,81,True,Beneficiário
I00047,P00040,1937-12-28,2026-04-17,88,True,Interessado
I00048,P00040,1958-02-16,2026-04-17,68,False,Noticiante
I00049,P00041,1927-03-31,2022-07-24,95,True,Vítima
I00050,P00042,1956-09-09,2023-01-07,66,False,Noticiante
I00051,P00043,1950-12-10,2024-04-14,73,False,Beneficiário
I00052,P00044,1945-03-13,2025-07-21,80,True,Interessado
I00053,P00045,1938-08-22,2026-01-04,87,True,Vítima
I00054,P00045,1938-10-21,2026-01-04,87,True,Beneficiário
I00055,P00046,1927-11-23,2022-04-11,94,True,Noticiante
I00056,P00047,1958-02-23,2023-07-18,65,False,Beneficiário
I00057,P00048,1951-12-02,2024-01-01,72,False,Interessado
I00058,P00049,1946-03-04,2025-04-08,79,False,Vítima
I00059,P00050,1940-06-05,2026-07-15,86,True,Noticiante
I00060,P00050,1956-04-16,2026-07-15,70,False,Interessado
I00061,P00051,1928-12-08,2022-01-22,93,True,Beneficiário
I00062,P00052,1959-02-14,2023-04-05,64,False,Interessado
I00063,P00053,1953-05-18,2024-07-12,71,False,Vítima
I00064,P00054,1946-11-20,2025-01-19,78,False,Noticiante
I00065,P00055,1941-01-27,2026-04-02,85,True,Beneficiário
I00066,P00055,1936-12-18,2026-04-02,89,True,Vítima
I00067,P00056,1930-04-30,2022-07-09,92,True,Interessado
I00068,P00057,1959-11-02,2023-01-16,63,False,Vítima
I00069,P00058,1954-02-02,2024-04-23,70,False,Noticiante
I00070,P00059,1948-04-12,2025-07-06,77,False,Beneficiário
I00071,P00060,1941-10-15,2026-01-13,84,True,Interessado
I00072,P00060,1953-09-15,2026-01-13,72,False,Noticiante
I00073,P00061,1931-01-15,2022-04-20,91,True,Vítima
I00074,P00062,1961-03-25,2023-07-03,62,False,Noticiante
I00075,P00063,1954-09-27,2024-01-10,69,False,Beneficiário
I00076,P00064,1948-12-28,2025-04-17,76,False,Interessado
I00077,P00065,1943-03-31,2026-07-24,83,True,Vítima
I00078,P00065,1935-03-11,2026-07-24,91,True,Beneficiário
I00079,P00066,1931-09-09,2022-01-07,90,True,Noticiante
I00080,P00067,1961-12-10,2023-04-14,61,False,Beneficiário
I00081,P00068,1956-03-13,2024-07-21,68,False,Interessado
I00082,P00069,1949-08-22,2025-01-04,75,False,Vítima
I00083,P00070,1943-11-23,2026-04-11,82,True,Noticiante
I00084,P00070,1951-11-13,2026-04-11,74,False,Interessado
I00085,P00071,1933-02-23,2022-07-18,89,True,Beneficiário
I00086,P00072,1962-12-02,2023-01-01,60,False,Interessado
I00087,P00073,1957-03-04,2024-04-08,67,False,Vítima
I00088,P00074,1951-06-05,2025-07-15,74,False,Noticiante
I00089,P00075,1944-12-08,2026-01-22,81,True,Beneficiário
I00090,P00075,1932-08-10,2026-01-22,93,True,Vítima
I00091,P00076,1934-02-14,2022-04-05,88,True,Interessado
I00092,P00077,1928-05-18,2023-07-12,95,True,Vítima
I00093,P00078,1957-11-20,2024-01-19,66,False,Noticiante
I00094,P00079,1952-01-28,2025-04-02,73,False,Beneficiário
I00095,P00080,1946-04-30,2026-07-09,80,True,Interessado
I00096,P00080,1950-05-10,2026-07-09,76,False,Noticiante
I00097,P00081,1934-11-02,2022-01-16,87,True,Vítima
I00098,P00082,1929-02-02,2023-04-23,94,True,Noticiante
I00099,P00083,1959-04-12,2024-07-06,65,False,Beneficiário
I00100,P00084,1952-10-15,2025-01-13,72,False,Interessado
I00101,P00085,1947-01-15,2026-04-20,79,False,Vítima
I00102,P00085,1931-02-04,2026-04-20,95,True,Beneficiário
I00103,P00086,1936-03-25,2022-07-03,86,True,Noticiante
I00104,P00087,1929-09-27,2023-01-10,93,True,Beneficiário
I00105,P00088,1959-12-29,2024-04-17,64,False,Interessado
I00106,P00089,1954-03-31,2025-07-24,71,False,Vítima
I00107,P00090,1947-09-09,2026-01-07,78,False,Noticiante
I00108,P00090,1947-10-09,2026-01-07,78,False,Interessado
I00109,P00091,1936-12-10,2022-04-14,85,True,Beneficiário
I00110,P00092,1931-03-13,2023-07-21,92,True,Interessado
I00111,P00093,1960-08-22,2024-01-04,63,False,Vítima
I00112,P00094,1954-11-22,2025-04-11,70,False,Noticiante
I00113,P00095,1949-02-23,2026-07-18,77,False,Beneficiário
I00114,P00095,1965-04-04,2026-07-18,61,False,Vítima
I00115,P00096,1937-12-02,2022-01-01,84,True,Interessado
I00116,P00097,1932-03-04,2023-04-08,91,True,Vítima
I00117,P00098,1962-06-05,2024-07-15,62,False,Noticiante
I00118,P00099,1955-12-08,2025-01-22,69,False,Beneficiário
I00119,P00100,1950-02-14,2026-04-05,76,False,Interessado
I00120,P00100,1945-12-06,2026-04-05,80,True,Noticiante
I00121,P00101,1939-05-18,2022-07-12,83,True,Vítima
I00122,P00102,1932-11-20,2023-01-19,90,True,Noticiante
I00123,P00103,1963-01-27,2024-04-02,61,False,Beneficiário
I00124,P00104,1957-04-30,2025-07-09,68,False,Interessado
I00125,P00105,1950-11-02,2026-01-16,75,False,Vítima
I00126,P00105,1962-09-03,2026-01-16,63,False,Beneficiário
I00127,P00106,1940-02-03,2022-04-23,82,True,Noticiante
I00128,P00107,1934-04-12,2023-07-06,89,True,Beneficiário
I00129,P00108,1963-10-15,2024-01-13,60,False,Interessado
I00130,P00109,1958-01-15,2025-04-20,67,False,Vítima
I00131,P00110,1952-03-25,2026-07-03,74,False,Noticiante
I00132,P00110,1944-02-04,2026-07-03,82,True,Interessado
I00133,P00111,1940-09-27,2022-01-10,81,True,Beneficiário
I00134,P00112,1934-12-28,2023-04-17,88,True,Interessado
I00135,P00113,1929-03-31,2024-07-24,95,True,Vítima
I00136,P00114,1958-09-09,2025-01-07,66,False,Noticiante
I00137,P00115,1952-12-10,2026-04-14,73,False,Beneficiário
I00138,P00115,1960-10-31,2026-04-14,65,False,Vítima
I00139,P00116,1942-03-13,2022-07-21,80,True,Interessado
I00140,P00117,1935-08-22,2023-01-04,87,True,Vítima
I00141,P00118,1929-11-22,2024-04-11,94,True,Noticiante
I00142,P00119,1960-02-24,2025-07-18,65,False,Beneficiário
I00143,P00120,1953-12-02,2026-01-01,72,False,Interessado
I00144,P00120,1941-11-02,2026-01-01,84,True,Noticiante
I00145,P00121,1943-03-04,2022-04-08,79,False,Vítima
I00146,P00122,1937-06-05,2023-07-15,86,True,Noticiante
I00147,P00123,1930-12-08,2024-01-22,93,True,Beneficiário
I00148,P00124,1961-02-14,2025-04-05,64,False,Interessado
I00149,P00125,1955-05-18,2026-07-12,71,False,Vítima
I00150,P00125,1959-04-28,2026-07-12,67,False,Beneficiário
I00151,P00126,1943-11-20,2022-01-19,78,False,Noticiante
I00152,P00127,1938-01-27,2023-04-02,85,True,Beneficiário
I00153,P00128,1932-04-30,2024-07-09,92,True,Interessado
I00154,P00129,1961-11-02,2025-01-16,63,False,Vítima
I00155,P00130,1956-02-03,2026-04-23,70,False,Noticiante
I00156,P00130,1940-01-24,2026-04-23,86,True,Interessado
I00157,P00131,1945-04-12,2022-07-06,77,False,Beneficiário
I00158,P00132,1938-10-15,2023-01-13,84,True,Interessado
I00159,P00133,1933-01-15,2024-04-20,91,True,Vítima
I00160,P00134,1963-03-25,2025-07-03,62,False,Noticiante
I00161,P00135,1956-09-27,2026-01-10,69,False,Beneficiário
I00162,P00135,1956-09-27,2026-01-10,69,False,Vítima
I00163,P00136,1945-12-28,2022-04-17,76,False,Interessado
I00164,P00137,1940-03-31,2023-07-24,83,True,Vítima
I00165,P00138,1933-09-09,2024-01-07,90,True,Noticiante
I00166,P00139,1963-12-11,2025-04-14,61,False,Beneficiário
I00167,P00140,1958-03-13,2026-07-21,68,False,Interessado
I00168,P00140,1938-03-23,2026-07-21,88,True,Noticiante
I00169,P00141,1946-08-22,2022-01-04,75,False,Vítima
I00170,P00142,1940-11-22,2023-04-11,82,True,Noticiante
I00171,P00143,1935-02-23,2024-07-18,89,True,Beneficiário
I00172,P00144,1964-12-02,2025-01-01,60,False,Interessado
I00173,P00145,1959-03-04,2026-04-08,67,False,Vítima
I00174,P00145,1954-11-24,2026-04-08,71,False,Beneficiário
I00175,P00146,1948-06-05,2022-07-15,74,False,Noticiante
I00176,P00147,1941-12-08,2023-01-22,81,True,Beneficiário
I00177,P00148,1936-02-15,2024-04-05,88,True,Interessado
I00178,P00149,1930-05-18,2025-07-12,95,True,Vítima
I00179,P00150,1959-11-20,2026-01-19,66,False,Noticiante
I00180,P00150,1935-08-22,2026-01-19,90,True,Interessado
I00181,P00151,1949-01-27,2022-04-02,73,False,Beneficiário
I00182,P00152,1943-04-30,2023-07-09,80,True,Interessado
I00183,P00153,1936-11-02,2024-01-16,87,True,Vítima
I00184,P00154,1931-02-02,2025-04-23,94,True,Noticiante
I00185,P00155,1961-04-12,2026-07-06,65,False,Beneficiário
I00186,P00155,1953-01-22,2026-07-06,73,False,Vítima
I00187,P00156,1949-10-15,2022-01-13,72,False,Interessado
I00188,P00157,1944-01-16,2023-04-20,79,False,Vítima
I00189,P00158,1938-03-25,2024-07-03,86,True,Noticiante
I00190,P00159,1931-09-27,2025-01-10,93,True,Beneficiário
I00191,P00160,1961-12-28,2026-04-17,64,False,Interessado
I00192,P00160,1934-02-16,2026-04-17,92,True,Noticiante
