processo_id,numero_processo,data_autuacao,data_encerramento,situacao,classe,unidade,municipio,comarca,duracao_dias
P00001,DEMO-413-2022-00001,2022-08-09,2023-03-14,Encerrado,Notícia de Fato,Promotoria de Justiça de Santana,Santana,Santana,217
P00002,DEMO-413-2023-00002,2021-04-08,2022-04-25,Encerrado,Notícia de Fato,Promotoria de Justiça do Interior,Oiapoque,Oiapoque,382
P00003,DEMO-413-2024-00003,2024-01-09,2025-07-24,Encerrado,Notícia de Fato,Promotoria de Justiça de Santana,Laranjal do Jari,Laranjal do Jari,562
P00004,DEMO-413-2025-00004,2023-10-18,,Ativo,Procedimento Administrativo,Promotoria de Justiça de Santana,Laranjal do Jari,Laranjal do Jari,1078
P00005,DEMO-413-2026-00005,2026-01-03,2026-05-02,Encerrado,Notícia de Fato,Promotoria de Justiça de Santana,Macapá,Macapá,119
P00006,DEMO-413-2021-00006,2021-03-09,,Ativo,Procedimento Preparatório,Promotoria de Justiça do Interior,Porto Grande,Porto Grande,2031
P00007,DEMO-413-2022-00007,2023-08-28,2024-01-09,Encerrado,Inquérito Civil,Promotoria de Justiça do Interior,Mazagão,Mazagão,134
P00008,DEMO-413-2023-00008,2021-06-14,,Ativo,Inquérito Civil,Promotoria de Justiça do Interior,Macapá,Macapá,1934
P00009,DEMO-413-2024-00009,2025-10-23,,Ativo,Inquérito Civil,CAO da Cidadania,Macapá,Macapá,342
P00010,DEMO-413-2025-00010,2026-09-28,2026-09-30,Encerrado,Procedimento Administrativo,CAO da Cidadania,Macapá,Macapá,2
P00011,DEMO-413-2026-00011,2024-10-21,2026-09-30,Encerrado,Procedimento Administrativo,Promotoria de Justiça de Santana,Porto Grande,Porto Grande,709
P00012,DEMO-413-2021-00012,2025-07-22,,Ativo,Procedimento Preparatório,CAO da Cidadania,Macapá,Macapá,435
P00013,DEMO-413-2022-00013,2025-12-08,,Ativo,Notícia de Fato,Promotoria de Justiça de Macapá,Macapá,Macapá,296
P00014,DEMO-413-2023-00014,2021-10-23,,Ativo,Procedimento Preparatório,Promotoria de Justiça de Macapá,Macapá,Macapá,1803
P00015,DEMO-413-2024-00015,2022-08-05,2024-06-22,Encerrado,Procedimento Administrativo,Promotoria de Justiça de Macapá,Macapá,Macapá,687
P00016,DEMO-413-2025-00016,2022-03-08,2024-02-01,Encerrado,Inquérito Civil,Promotoria de Justiça de Santana,Santana,Santana,695
P00017,DEMO-413-2026-00017,2023-05-29,2024-10-24,Encerrado,Notícia de Fato,Promotoria de Justiça de Macapá,Macapá,Macapá,514
P00018,DEMO-413-2021-00018,2023-04-06,2025-08-26,Encerrado,Procedimento Administrativo,CAO da Cidadania,Santana,Santana,873
P00019,DEMO-413-2022-00019,2022-04-20,,Ativo,Procedimento Preparatório,CAO da Cidadania,Santana,Santana,1624
P00020,DEMO-413-2023-00020,2021-10-23,,Ativo,Procedimento Preparatório,Promotoria de Justiça de Santana,Oiapoque,Oiapoque,1803
P00021,DEMO-413-2024-00021,2022-08-31,2023-12-08,Encerrado,Notícia de Fato,Promotoria de Justiça do Interior,Porto Grande,Porto Grande,464
P00022,DEMO-413-2025-00022,2026-09-21,2026-09-30,Encerrado,Procedimento Preparatório,Promotoria de Justiça de Macapá,Macapá,Macapá,9
P00023,DEMO-413-2026-00023,2026-03-24,2026-08-23,Encerrado,Procedimento Administrativo,Promotoria de Justiça do Interior,Macapá,Macapá,152
P00024,DEMO-413-2021-00024,2024-12-03,,Ativo,Procedimento Administrativo,Promotoria de Justiça de Macapá,Macapá,Macapá,666
P00025,DEMO-413-2022-00025,2022-12-16,2024-02-10,Encerrado,Notícia de Fato,Promotoria de Justiça de Macapá,Santana,Santana,421
P00026,DEMO-413-2023-00026,2023-03-16,2024-02-27,Encerrado,Inquérito Civil,Promotoria de Justiça de Macapá,Macapá,Macapá,348
P00027,DEMO-413-2024-00027,2024-01-02,,Ativo,Notícia de Fato,Promotoria de Justiça de Macapá,Mazagão,Mazagão,1002
P00028,DEMO-413-2025-00028,2026-02-13,2026-08-30,Encerrado,Notícia de Fato,Promotoria de Justiça de Macapá,Macapá,Macapá,198
P00029,DEMO-413-2026-00029,2024-10-06,2025-04-26,Encerrado,Procedimento Administrativo,Promotoria de Justiça de Macapá,Macapá,Macapá,202
P00030,DEMO-413-2021-00030,2022-07-27,2023-05-28,Encerrado,Notícia de Fato,Promotoria de Justiça de Macapá,Macapá,Macapá,305
P00031,DEMO-413-2022-00031,2024-10-10,,Ativo,Procedimento Preparatório,Promotoria de Justiça de Macapá,Macapá,Macapá,720
P00032,DEMO-413-2023-00032,2025-06-07,,Ativo,Procedimento Administrativo,Promotoria de Justiça de Macapá,Mazagão,Mazagão,480
P00033,DEMO-413-2024-00033,2023-01-04,2023-02-27,Encerrado,Procedimento Administrativo,Promotoria de Justiça de Macapá,Santana,Santana,54
P00034,DEMO-413-2025-00034,2022-02-16,2022-03-17,Encerrado,Procedimento Preparatório,Promotoria de Justiça de Macapá,Macapá,Macapá,29
P00035,DEMO-413-2026-00035,2025-01-17,2025-09-13,Encerrado,Notícia de Fato,Promotoria de Justiça do Interior,Santana,Santana,239
P00036,DEMO-413-2021-00036,2023-09-08,2024-02-18,Encerrado,Procedimento Administrativo,Promotoria de Justiça do Interior,Macapá,Macapá,163
P00037,DEMO-413-2022-00037,2026-07-13,,Ativo,Procedimento Preparatório,Promotoria de Justiça de Macapá,Macapá,Macapá,79
P00038,DEMO-413-2023-00038,2021-03-14,,Ativo,Inquérito Civil,CAO da Cidadania,Macapá,Macapá,2026
P00039,DEMO-413-2024-00039,2022-12-27,2023-10-04,Encerrado,Procedimento Administrativo,Promotoria de Justiça do Interior,Laranjal do Jari,Laranjal do Jari,281
P00040,DEMO-413-2025-00040,2021-05-25,,Ativo,Procedimento Administrativo,Promotoria de Justiça de Santana,Laranjal do Jari,Laranjal do Jari,1954
P00041,DEMO-413-2026-00041,2022-09-16,,Ativo,Procedimento Preparatório,CAO da Cidadania,Macapá,Macapá,1475
P00042,DEMO-413-2021-00042,2023-07-02,,Ativo,Inquérito Civil,CAO da Cidadania,Macapá,Macapá,1186
P00043,DEMO-413-2022-00043,2021-09-14,2022-07-23,Encerrado,Procedimento Administrativo,Promotoria de Justiça de Santana,Oiapoque,Oiapoque,312
P00044,DEMO-413-2023-00044,2023-02-06,2023-12-28,Encerrado,Notícia de Fato,Promotoria de Justiça de Santana,Macapá,Macapá,325
P00045,DEMO-413-2024-00045,2026-03-23,2026-09-30,Encerrado,Procedimento Administrativo,CAO da Cidadania,Laranjal do Jari,Laranjal do Jari,191
P00046,DEMO-413-2025-00046,2024-09-01,2025-11-20,Encerrado,Procedimento Administrativo,Promotoria de Justiça de Macapá,Macapá,Macapá,445
P00047,DEMO-413-2026-00047,2021-10-25,,Ativo,Notícia de Fato,Promotoria de Justiça de Macapá,Santana,Santana,1801
P00048,DEMO-413-2021-00048,2022-03-24,2023-05-16,Encerrado,Inquérito Civil,Promotoria de Justiça de Santana,Santana,Santana,418
P00049,DEMO-413-2022-00049,2024-03-12,2025-11-27,Encerrado,Notícia de Fato,Promotoria de Justiça de Santana,Santana,Santana,625
P00050,DEMO-413-2023-00050,2025-12-08,,Ativo,Inquérito Civil,Promotoria de Justiça de Macapá,Santana,Santana,296
P00051,DEMO-413-2024-00051,2021-05-30,2021-12-31,Encerrado,Procedimento Administrativo,Promotoria de Justiça de Macapá,Santana,Santana,215
P00052,DEMO-413-2025-00052,2023-06-11,,Ativo,Procedimento Administrativo,Promotoria de Justiça de Santana,Macapá,Macapá,1207
P00053,DEMO-413-2026-00053,2022-07-12,2023-03-12,Encerrado,Notícia de Fato,Promotoria de Justiça de Macapá,Santana,Santana,243
P00054,DEMO-413-2021-00054,2026-03-02,,Ativo,Procedimento Administrativo,Promotoria de Justiça de Macapá,Porto Grande,Porto Grande,212
P00055,DEMO-413-2022-00055,2025-12-02,2026-05-25,Encerrado,Procedimento Preparatório,CAO da Cidadania,Santana,Santana,174
P00056,DEMO-413-2023-00056,2026-04-26,2026-09-30,Encerrado,Procedimento Administrativo,Promotoria de Justiça do Interior,Macapá,Macapá,157
P00057,DEMO-413-2024-00057,2023-08-14,,Ativo,Inquérito Civil,Promotoria de Justiça de Santana,Laranjal do Jari,Laranjal do Jari,1143
P00058,DEMO-413-2025-00058,2024-10-02,,Ativo,Procedimento Administrativo,CAO da Cidadania,Santana,Santana,728
P00059,DEMO-413-2026-00059,2025-02-01,,Ativo,Inquérito Civil,CAO da Cidadania,Macapá,Macapá,606
P00060,DEMO-413-2021-00060,2024-05-25,,Ativo,Procedimento Administrativo,Promotoria de Justiça de Macapá,Macapá,Macapá,858
P00061,DEMO-413-2022-00061,2021-01-30,2022-02-15,Encerrado,Procedimento Preparatório,Promotoria de Justiça de Macapá,Macapá,Macapá,381
P00062,DEMO-413-2023-00062,2024-06-03,,Ativo,Procedimento Administrativo,CAO da Cidadania,Santana,Santana,849
P00063,DEMO-413-2024-00063,2024-07-10,,Ativo,Notícia de Fato,Promotoria de Justiça de Macapá,Macapá,Macapá,812
P00064,DEMO-413-2025-00064,2025-03-01,,Ativo,Inquérito Civil,Promotoria de Justiça do Interior,Oiapoque,Oiapoque,578
P00065,DEMO-413-2026-00065,2025-05-27,2026-09-30,Encerrado,,Promotoria de Justiça do Interior,Macapá,Macapá,491
P00066,DEMO-413-2021-00066,2026-05-10,2026-09-30,Encerrado,Procedimento Administrativo,CAO da Cidadania,Mazagão,Mazagão,143
P00067,DEMO-413-2022-00067,2021-04-06,2022-02-02,Encerrado,Procedimento Preparatório,Promotoria de Justiça do Interior,Laranjal do Jari,Laranjal do Jari,302
P00068,DEMO-413-2023-00068,2024-11-11,2024-12-24,Encerrado,Procedimento Administrativo,Promotoria de Justiça de Santana,Macapá,Macapá,43
P00069,DEMO-413-2024-00069,2023-05-08,2023-11-24,Encerrado,Procedimento Administrativo,Promotoria de Justiça de Santana,Macapá,Macapá,200
P00070,DEMO-413-2025-00070,2021-05-12,2022-05-31,Encerrado,Procedimento Administrativo,Promotoria de Justiça de Macapá,Macapá,Macapá,384
P00071,DEMO-413-2026-00071,2025-06-16,,Ativo,Inquérito Civil,Promotoria de Justiça do Interior,Macapá,Macapá,471
P00072,DEMO-413-2021-00072,2021-05-19,2022-06-19,Encerrado,Procedimento Preparatório,Promotoria de Justiça de Santana,Porto Grande,Porto Grande,396
P00073,DEMO-413-2022-00073,2026-02-25,2026-08-21,Encerrado,Procedimento Administrativo,Promotoria de Justiça do Interior,Santana,Santana,177
P00074,DEMO-413-2023-00074,2023-12-06,,Ativo,Notícia de Fato,CAO da Cidadania,Laranjal do Jari,Laranjal do Jari,1029
P00075,DEMO-413-2024-00075,2023-12-04,2025-06-01,Encerrado,Notícia de Fato,Promotoria de Justiça de Macapá,Mazagão,Mazagão,545
P00076,DEMO-413-2025-00076,2026-08-11,,Ativo,Inquérito Civil,Promotoria de Justiça de Macapá,Santana,Santana,50
P00077,DEMO-413-2026-00077,2025-08-29,2026-08-31,Encerrado,Notícia de Fato,Promotoria de Justiça do Interior,Oiapoque,Oiapoque,367
P00078,DEMO-413-2021-00078,2022-09-01,,Ativo,Procedimento Administrativo,Promotoria de Justiça de Santana,Porto Grande,Porto Grande,1490
P00079,DEMO-413-2022-00079,2022-10-30,,Ativo,Procedimento Administrativo,CAO da Cidadania,Santana,Santana,1431
P00080,DEMO-413-2023-00080,2026-06-03,,Ativo,Procedimento Administrativo,Promotoria de Justiça do Interior,Macapá,Macapá,119
P00081,DEMO-413-2024-00081,2025-03-25,2026-08-22,Encerrado,Procedimento Preparatório,Promotoria de Justiça do Interior,Oiapoque,Oiapoque,515
P00082,DEMO-413-2025-00082,2023-09-01,,Ativo,Procedimento Preparatório,Promotoria de Justiça do Interior,Macapá,Macapá,1125
P00083,DEMO-413-2026-00083,2024-04-07,2024-06-19,Encerrado,Notícia de Fato,Promotoria de Justiça de Macapá,Porto Grande,Porto Grande,73
P00084,DEMO-413-2021-00084,2021-11-16,2021-12-20,Encerrado,Procedimento Preparatório,Promotoria de Justiça de Macapá,Macapá,Macapá,34
P00085,DEMO-413-2022-00085,2025-04-14,2025-06-20,Encerrado,Procedimento Preparatório,Promotoria de Justiça de Macapá,Mazagão,Mazagão,67
P00086,DEMO-413-2023-00086,2025-08-10,2026-09-30,Encerrado,Notícia de Fato,Promotoria de Justiça de Macapá,Macapá,Macapá,416
P00087,DEMO-413-2024-00087,2021-01-27,2023-01-23,Encerrado,Inquérito Civil,Promotoria de Justiça de Macapá,Macapá,Macapá,726
P00088,DEMO-413-2025-00088,2021-07-29,2022-06-01,Encerrado,Procedimento Administrativo,Promotoria de Justiça de Macapá,Santana,Santana,307
P00089,DEMO-413-2026-00089,2021-10-13,2023-02-28,Encerrado,Procedimento Administrativo,Promotoria de Justiça de Macapá,Santana,Santana,503
P00090,DEMO-413-2021-00090,2026-07-19,2026-09-30,Encerrado,Inquérito Civil,Promotoria de Justiça de Macapá,Macapá,Macapá,73
P00091,DEMO-413-2022-00091,2026-01-03,2026-04-06,Encerrado,Notícia de Fato,CAO da Cidadania,Oiapoque,Oiapoque,93
P00092,DEMO-413-2023-00092,2022-10-31,,Ativo,Notícia de Fato,Promotoria de Justiça de Santana,Santana,Santana,1430
P00093,DEMO-413-2024-00093,2026-08-10,2026-09-30,Encerrado,Procedimento Administrativo,Promotoria de Justiça de Macapá,Macapá,Macapá,51
P00094,DEMO-413-2025-00094,2023-02-15,2023-10-04,Encerrado,Notícia de Fato,CAO da Cidadania,Oiapoque,Oiapoque,231
P00095,DEMO-413-2026-00095,2024-01-04,,Ativo,Inquérito Civil,CAO da Cidadania,Macapá,Macapá,1000
P00096,DEMO-413-2021-00096,2024-02-10,2024-04-17,Encerrado,Procedimento Administrativo,Promotoria de Justiça de Macapá,Porto Grande,Porto Grande,67
P00097,DEMO-413-2022-00097,2022-12-20,2023-05-12,Encerrado,Procedimento Administrativo,Promotoria de Justiça de Macapá,Macapá,Macapá,143
P00098,DEMO-413-2023-00098,2023-04-05,2023-08-08,Encerrado,Procedimento Administrativo,Promotoria de Justiça de Macapá,Laranjal do Jari,Laranjal do Jari,125
P00099,DEMO-413-2024-00099,2021-01-03,2021-11-20,Encerrado,Notícia de Fato,Promotoria de Justiça de Macapá,Santana,Santana,321
P00100,DEMO-413-2025-00100,2024-08-07,2026-04-05,Encerrado,Procedimento Administrativo,Promotoria de Justiça de Santana,Laranjal do Jari,Laranjal do Jari,606
P00101,DEMO-413-2026-00101,2025-02-27,,Ativo,Procedimento Administrativo,Promotoria de Justiça de Macapá,Macapá,Macapá,580
P00102,DEMO-413-2021-00102,2024-10-20,2025-06-22,Encerrado,Procedimento Administrativo,Promotoria de Justiça de Macapá,Santana,Santana,245
P00103,DEMO-413-2022-00103,2022-04-08,,Ativo,Procedimento Administrativo,Promotoria de Justiça de Macapá,Mazagão,Mazagão,1636
P00104,DEMO-413-2023-00104,2024-05-07,,Ativo,Notícia de Fato,Promotoria de Justiça de Macapá,Macapá,Macapá,876
P00105,DEMO-413-2024-00105,2022-08-28,,Ativo,Notícia de Fato,Promotoria de Justiça do Interior,Macapá,Macapá,1494
P00106,DEMO-413-2025-00106,2021-04-04,,Ativo,Inquérito Civil,Promotoria de Justiça de Santana,Macapá,Macapá,2005
P00107,DEMO-413-2026-00107,2021-07-18,2022-03-13,Encerrado,Procedimento Administrativo,Promotoria de Justiça de Santana,Macapá,Macapá,238
P00108,DEMO-413-2021-00108,2026-08-09,2026-09-30,Encerrado,Procedimento Administrativo,Promotoria de Justiça do Interior,Santana,Santana,52
P00109,DEMO-413-2022-00109,2025-05-29,,Ativo,Procedimento Administrativo,Promotoria de Justiça de Macapá,Laranjal do Jari,Laranjal do Jari,489
P00110,DEMO-413-2023-00110,2024-08-29,,Ativo,Notícia de Fato,Promotoria de Justiça de Santana,Oiapoque,Oiapoque,762
P00111,DEMO-413-2024-00111,2024-10-05,2025-02-09,Encerrado,Procedimento Preparatório,Promotoria de Justiça de Macapá,Macapá,Macapá,127
P00112,DEMO-413-2025-00112,2023-10-24,2024-06-30,Encerrado,Notícia de Fato,Promotoria de Justiça de Santana,Macapá,Macapá,250
P00113,DEMO-413-2026-00113,2021-07-20,2022-06-14,Encerrado,Procedimento Administrativo,Promotoria de Justiça de Macapá,Macapá,Macapá,329
P00114,DEMO-413-2021-00114,2023-11-04,2025-06-09,Encerrado,Procedimento Preparatório,Promotoria de Justiça do Interior,Macapá,Macapá,583
P00115,DEMO-413-2022-00115,2026-01-26,,Ativo,Procedimento Administrativo,Promotoria de Justiça de Santana,Mazagão,Mazagão,247
P00116,DEMO-413-2023-00116,2024-10-29,2026-03-13,Encerrado,Procedimento Administrativo,Promotoria de Justiça de Santana,Macapá,Macapá,500
P00117,DEMO-413-2024-00117,2026-07-07,,Ativo,Procedimento Preparatório,Promotoria de Justiça do Interior,Macapá,Macapá,85
P00118,DEMO-413-2025-00118,2023-04-05,2024-02-29,Encerrado,Procedimento Administrativo,Promotoria de Justiça de Santana,Macapá,Macapá,330
P00119,DEMO-413-2026-00119,2021-01-25,,Ativo,Procedimento Administrativo,Promotoria de Justiça do Interior,Oiapoque,Oiapoque,2074
P00120,DEMO-413-2021-00120,2023-12-12,,Ativo,Inquérito Civil,Promotoria de Justiça de Macapá,Macapá,Macapá,1023
P00121,DEMO-413-2022-00121,2022-04-13,2022-11-16,Encerrado,Procedimento Administrativo,Promotoria de Justiça de Santana,Porto Grande,Porto Grande,217
P00122,DEMO-413-2023-00122,2024-04-21,2024-12-31,Encerrado,,Promotoria de Justiça de Macapá,Santana,Santana,254
P00123,DEMO-413-2024-00123,2024-09-27,,Ativo,Notícia de Fato,Promotoria de Justiça de Santana,Macapá,Macapá,733
P00124,DEMO-413-2025-00124,2023-10-10,,Ativo,Procedimento Administrativo,Promotoria de Justiça de Macapá,Macapá,Macapá,1086
P00125,DEMO-413-2026-00125,2024-09-13,,Ativo,Notícia de Fato,Promotoria de Justiça de Macapá,Laranjal do Jari,Laranjal do Jari,747
P00126,DEMO-413-2021-00126,2023-06-07,2025-08-18,Encerrado,Procedimento Administrativo,Promotoria de Justiça de Macapá,Mazagão,Mazagão,803
P00127,DEMO-413-2022-00127,2022-12-08,2023-11-04,Encerrado,Notícia de Fato,CAO da Cidadania,Mazagão,Mazagão,331
P00128,DEMO-413-2023-00128,2025-09-09,,Ativo,Inquérito Civil,Promotoria de Justiça de Macapá,Macapá,Macapá,386
P00129,DEMO-413-2024-00129,2026-03-03,2026-07-21,Encerrado,Procedimento Administrativo,Promotoria de Justiça do Interior,Macapá,Macapá,140
P00130,DEMO-413-2025-00130,2022-08-31,,Ativo,Procedimento Administrativo,Promotoria de Justiça de Macapá,Macapá,Macapá,1491
P00131,DEMO-413-2026-00131,2022-07-14,,Ativo,Inquérito Civil,Promotoria de Justiça do Interior,Santana,Santana,1539
P00132,DEMO-413-2021-00132,2024-05-10,2025-09-05,Encerrado,Procedimento Administrativo,Promotoria de Justiça do Interior,Santana,Santana,483
P00133,DEMO-413-2022-00133,2022-03-22,,Ativo,Notícia de Fato,Promotoria de Justiça do Interior,Macapá,Macapá,1653
P00134,DEMO-413-2023-00134,2022-08-19,,Ativo,Procedimento Preparatório,Promotoria de Justiça de Macapá,Macapá,Macapá,1503
P00135,DEMO-413-2024-00135,2026-02-17,,Ativo,Procedimento Preparatório,Promotoria de Justiça do Interior,Macapá,Macapá,225
P00136,DEMO-413-2025-00136,2022-05-31,2024-08-03,Encerrado,Procedimento Administrativo,Promotoria de Justiça de Macapá,Macapá,Macapá,795
P00137,DEMO-413-2026-00137,2025-06-18,2025-11-02,Encerrado,Procedimento Administrativo,Promotoria de Justiça do Interior,Macapá,Macapá,137
P00138,DEMO-413-2021-00138,2025-01-11,2025-12-07,Encerrado,Procedimento Administrativo,CAO da Cidadania,Santana,Santana,330
P00139,DEMO-413-2022-00139,2022-02-09,2024-04-28,Encerrado,Procedimento Administrativo,Promotoria de Justiça de Santana,Macapá,Macapá,809
P00140,DEMO-413-2023-00140,2022-08-14,2023-10-01,Encerrado,Procedimento Preparatório,Promotoria de Justiça de Macapá,Macapá,Macapá,413
P00141,DEMO-413-2024-00141,2024-06-05,2025-01-04,Encerrado,Notícia de Fato,Promotoria de Justiça de Macapá,Laranjal do Jari,Laranjal do Jari,213
P00142,DEMO-413-2025-00142,2024-05-23,,Ativo,Procedimento Administrativo,Promotoria de Justiça de Macapá,Santana,Santana,860
P00143,DEMO-413-2026-00143,2024-03-03,,Ativo,Notícia de Fato,Promotoria de Justiça do Interior,Porto Grande,Porto Grande,941
P00144,DEMO-413-2021-00144,2023-05-31,2023-10-04,Encerrado,Procedimento Administrativo,Promotoria de Justiça de Macapá,Macapá,Macapá,126
P00145,DEMO-413-2022-00145,2023-02-27,2025-11-14,Encerrado,Notícia de Fato,Promotoria de Justiça de Macapá,Macapá,Macapá,991
P00146,DEMO-413-2023-00146,2026-02-25,2026-09-30,Encerrado,Notícia de Fato,Promotoria de Justiça de Macapá,Macapá,Macapá,217
P00147,DEMO-413-2024-00147,2023-09-02,2024-06-29,Encerrado,Procedimento Administrativo,Promotoria de Justiça de Santana,Santana,Santana,301
P00148,DEMO-413-2025-00148,2021-01-29,2021-05-07,Encerrado,Notícia de Fato,Promotoria de Justiça do Interior,Porto Grande,Porto Grande,98
P00149,DEMO-413-2026-00149,2021-02-01,,Ativo,Notícia de Fato,Promotoria de Justiça de Santana,Macapá,Macapá,2067
P00150,DEMO-413-2021-00150,2022-08-10,2025-03-05,Encerrado,Procedimento Administrativo,Promotoria de Justiça de Santana,Santana,Santana,938
P00151,DEMO-413-2022-00151,2023-03-20,,Ativo,Procedimento Administrativo,CAO da Cidadania,Macapá,Macapá,1290
P00152,DEMO-413-2023-00152,2021-02-23,,Ativo,Inquérito Civil,Promotoria de Justiça de Macapá,Macapá,Macapá,2045
P00153,DEMO-413-2024-00153,2025-09-09,2026-04-08,Encerrado,Notícia de Fato,Promotoria de Justiça de Macapá,Santana,Santana,211
P00154,DEMO-413-2025-00154,2024-04-11,2025-10-18,Encerrado,Procedimento Administrativo,CAO da Cidadania,Oiapoque,Oiapoque,555
P00155,DEMO-413-2026-00155,2025-07-15,,Ativo,Procedimento Administrativo,Promotoria de Justiça de Santana,Macapá,Macapá,442
P00156,DEMO-413-2021-00156,2022-09-21,,Ativo,Procedimento Administrativo,Promotoria de Justiça de Santana,Macapá,Macapá,1470
P00157,DEMO-413-2022-00157,2023-12-22,,Ativo,Notícia de Fato,Promotoria de Justiça de Macapá,Santana,Santana,1013
P00158,DEMO-413-2023-00158,2024-03-09,2025-04-27,Encerrado,Procedimento Administrativo,Promotoria de Justiça de Macapá,Oiapoque,Oiapoque,414
P00159,DEMO-413-2024-00159,2025-01-05,2025-07-03,Encerrado,Notícia de Fato,Promotoria de Justiça de Macapá,Laranjal do Jari,Laranjal do Jari,179
P00160,DEMO-413-2025-00160,2023-08-13,2024-10-15,Encerrado,Procedimento Administrativo,Promotoria de Justiça de Santana,Macapá,Macapá,429
P00161,DEMO-413-2026-00161,2022-06-15,2023-02-18,Encerrado,Notícia de Fato,Promotoria de Justiça de Macapá,Macapá,Macapá,248
P00162,DEMO-413-2021-00162,2024-07-10,,Ativo,Procedimento Preparatório,Promotoria de Justiça de Macapá,Oiapoque,Oiapoque,812
P00163,DEMO-413-2022-00163,2021-06-13,,Ativo,Procedimento Preparatório,Promotoria de Justiça do Interior,Santana,Santana,1935
P00164,DEMO-413-2023-00164,2025-04-21,2025-08-31,Encerrado,Procedimento Administrativo,Promotoria de Justiça de Santana,Porto Grande,Porto Grande,132
P00165,DEMO-413-2024-00165,2025-04-16,2026-03-21,Encerrado,Inquérito Civil,Promotoria de Justiça de Macapá,Santana,Santana,339
P00166,DEMO-413-2025-00166,2022-08-15,2022-11-09,Encerrado,Procedimento Administrativo,Promotoria de Justiça de Macapá,Macapá,Macapá,86
P00167,DEMO-413-2026-00167,2025-01-16,,Ativo,Notícia de Fato,Promotoria de Justiça de Macapá,Macapá,Macapá,622
P00168,DEMO-413-2021-00168,2023-11-09,,Ativo,Notícia de Fato,,Macapá,Macapá,1056
P00169,DEMO-413-2022-00169,2023-11-09,2024-03-17,Encerrado,Procedimento Administrativo,Promotoria de Justiça de Santana,Oiapoque,Oiapoque,129
P00170,DEMO-413-2023-00170,2025-02-23,2025-04-05,Encerrado,Notícia de Fato,Promotoria de Justiça de Macapá,Macapá,Macapá,41
P00171,DEMO-413-2024-00171,2025-12-18,,Ativo,Inquérito Civil,CAO da Cidadania,Macapá,Macapá,286
P00172,DEMO-413-2025-00172,2025-01-28,2025-07-09,Encerrado,Notícia de Fato,Promotoria de Justiça do Interior,Macapá,Macapá,162
P00173,DEMO-413-2026-00173,2022-10-18,2026-09-30,Encerrado,Notícia de Fato,Promotoria de Justiça de Santana,Macapá,Macapá,1443
P00174,DEMO-413-2021-00174,2022-08-14,2023-05-15,Encerrado,Inquérito Civil,Promotoria de Justiça de Macapá,Macapá,Macapá,274
P00175,DEMO-413-2022-00175,2026-03-23,2026-09-30,Encerrado,Procedimento Administrativo,CAO da Cidadania,Santana,Santana,191
P00176,DEMO-413-2023-00176,2026-03-14,,Ativo,Inquérito Civil,Promotoria de Justiça do Interior,Macapá,Macapá,200
P00177,DEMO-413-2024-00177,2023-03-16,2024-02-20,Encerrado,Procedimento Preparatório,Promotoria de Justiça de Macapá,Macapá,Macapá,341
P00178,DEMO-413-2025-00178,2023-10-10,2024-01-06,Encerrado,Procedimento Administrativo,Promotoria de Justiça de Santana,Santana,Santana,88
P00179,DEMO-413-2026-00179,2025-10-01,,Ativo,Notícia de Fato,CAO da Cidadania,Macapá,Macapá,364
P00180,DEMO-413-2021-00180,2024-05-29,,Ativo,,Promotoria de Justiça de Macapá,Santana,Santana,854
P00181,DEMO-413-2022-00181,2023-10-08,,Ativo,Procedimento Administrativo,Promotoria de Justiça de Macapá,Macapá,Macapá,1088
P00182,DEMO-413-2023-00182,2024-10-29,2025-05-27,Encerrado,Notícia de Fato,Promotoria de Justiça de Macapá,Macapá,Macapá,210
P00183,DEMO-413-2024-00183,2025-04-28,,Ativo,Notícia de Fato,Promotoria de Justiça de Santana,Mazagão,Mazagão,520
P00184,DEMO-413-2025-00184,2024-05-23,2024-10-10,Encerrado,Inquérito Civil,Promotoria de Justiça de Macapá,Mazagão,Mazagão,140
P00185,DEMO-413-2026-00185,2021-07-21,2023-11-10,Encerrado,Procedimento Administrativo,CAO da Cidadania,Santana,Santana,842
P00186,DEMO-413-2021-00186,2023-11-11,,Ativo,Procedimento Administrativo,Promotoria de Justiça de Santana,Santana,Santana,1054
P00187,DEMO-413-2022-00187,2021-02-21,2022-08-31,Encerrado,Inquérito Civil,Promotoria de Justiça de Macapá,Macapá,Macapá,556
P00188,DEMO-413-2023-00188,2024-04-26,,Ativo,Inquérito Civil,Promotoria de Justiça do Interior,Macapá,Macapá,887
P00189,DEMO-413-2024-00189,2026-08-03,,Ativo,Inquérito Civil,Promotoria de Justiça de Macapá,Oiapoque,Oiapoque,58
P00190,DEMO-413-2025-00190,2021-12-29,,Ativo,Procedimento Administrativo,Promotoria de Justiça de Macapá,Macapá,Macapá,1736
P00191,DEMO-413-2026-00191,2024-09-12,2025-10-03,Encerrado,Procedimento Administrativo,Promotoria de Justiça de Macapá,Santana,Santana,386
P00192,DEMO-413-2021-00192,2024-11-17,2026-06-25,Encerrado,Inquérito Civil,Promotoria de Justiça de Macapá,Macapá,Macapá,585
P00193,DEMO-413-2022-00193,2024-01-27,,Ativo,Procedimento Administrativo,Promotoria de Justiça de Santana,Macapá,Macapá,977
P00194,DEMO-413-2023-00194,2022-08-23,2023-07-25,Encerrado,Notícia de Fato,Promotoria de Justiça de Macapá,Macapá,Macapá,336
P00195,DEMO-413-2024-00195,2024-02-29,2025-01-24,Encerrado,Notícia de Fato,Promotoria de Justiça do Interior,Santana,Santana,330
P00196,DEMO-413-2025-00196,2024-11-26,2025-03-15,Encerrado,Notícia de Fato,Promotoria de Justiça de Santana,Laranjal do Jari,Laranjal do Jari,109
P00197,DEMO-413-2026-00197,2022-12-12,,Ativo,Notícia de Fato,Promotoria de Justiça do Interior,Macapá,Macapá,1388
P00198,DEMO-413-2021-00198,2021-12-15,,Ativo,Inquérito Civil,Promotoria de Justiça de Macapá,Macapá,Macapá,1750
P00199,DEMO-413-2022-00199,2024-08-04,,Ativo,Procedimento Administrativo,Promotoria de Justiça de Santana,Santana,Santana,787
P00200,DEMO-413-2023-00200,2026-02-21,2026-09-30,Encerrado,Notícia de Fato,CAO da Cidadania,Macapá,Macapá,221
P00201,DEMO-413-2024-00201,2021-08-19,,Ativo,Procedimento Administrativo,Promotoria de Justiça de Macapá,Santana,Santana,1868
P00202,DEMO-413-2025-00202,2025-07-20,,Ativo,Notícia de Fato,Promotoria de Justiça de Macapá,Laranjal do Jari,Laranjal do Jari,437
P00203,DEMO-413-2026-00203,2021-12-27,2024-04-12,Encerrado,Notícia de Fato,Promotoria de Justiça do Interior,Macapá,Macapá,837
P00204,DEMO-413-2021-00204,2024-08-04,,Ativo,Procedimento Administrativo,Promotoria de Justiça de Macapá,Oiapoque,Oiapoque,787
P00205,DEMO-413-2022-00205,2021-12-24,,Ativo,,Promotoria de Justiça de Macapá,Macapá,Macapá,1741
P00206,DEMO-413-2023-00206,2024-10-27,2025-08-25,Encerrado,Notícia de Fato,Promotoria de Justiça do Interior,Macapá,Macapá,302
P00207,DEMO-413-2024-00207,2024-08-23,,Ativo,Procedimento Preparatório,Promotoria de Justiça de Macapá,Mazagão,Mazagão,768
P00208,DEMO-413-2025-00208,2021-06-15,2021-09-20,Encerrado,Notícia de Fato,CAO da Cidadania,Santana,Santana,97
P00209,DEMO-413-2026-00209,2025-11-10,2026-07-23,Encerrado,Procedimento Administrativo,Promotoria de Justiça do Interior,Oiapoque,Oiapoque,255
P00210,DEMO-413-2021-00210,2025-10-06,2026-09-30,Encerrado,Notícia de Fato,Promotoria de Justiça do Interior,Macapá,Macapá,359
P00211,DEMO-413-2022-00211,2021-01-24,,Ativo,Procedimento Preparatório,Promotoria de Justiça de Santana,Santana,Santana,2075
P00212,DEMO-413-2023-00212,2022-01-14,,Ativo,Procedimento Administrativo,Promotoria de Justiça de Santana,Porto Grande,Porto Grande,1720
P00213,DEMO-413-2024-00213,2023-12-24,2024-02-19,Encerrado,Notícia de Fato,Promotoria de Justiça de Macapá,Macapá,Macapá,57
P00214,DEMO-413-2025-00214,2022-04-26,2022-07-18,Encerrado,Procedimento Administrativo,Promotoria de Justiça de Santana,Macapá,Macapá,83
P00215,DEMO-413-2026-00215,2024-08-06,2025-12-22,Encerrado,Inquérito Civil,CAO da Cidadania,Oiapoque,Oiapoque,503
P00216,DEMO-413-2021-00216,2021-10-23,2022-08-23,Encerrado,Procedimento Preparatório,Promotoria de Justiça do Interior,Santana,Santana,304
P00217,DEMO-413-2022-00217,2026-07-30,,Ativo,Procedimento Administrativo,Promotoria de Justiça de Santana,Macapá,Macapá,62
P00218,DEMO-413-2023-00218,2024-01-06,,Ativo,Procedimento Preparatório,CAO da Cidadania,Oiapoque,Oiapoque,998
P00219,DEMO-413-2024-00219,2026-07-20,2026-09-30,Encerrado,Inquérito Civil,Promotoria de Justiça de Macapá,Macapá,Macapá,72
P00220,DEMO-413-2025-00220,2023-09-12,,Ativo,Notícia de Fato,Promotoria de Justiça de Macapá,Oiapoque,Oiapoque,1114
P00221,DEMO-413-2026-00221,2021-08-02,2022-02-06,Encerrado,Procedimento Administrativo,Promotoria de Justiça de Macapá,Macapá,Macapá,188
P00222,DEMO-413-2021-00222,2025-07-22,2025-11-21,Encerrado,Procedimento Preparatório,Promotoria de Justiça do Interior,Macapá,Macapá,122
P00223,DEMO-413-2022-00223,2023-01-20,2023-10-23,Encerrado,Procedimento Administrativo,CAO da Cidadania,Oiapoque,Oiapoque,276
P00224,DEMO-413-2023-00224,2023-02-19,2024-04-11,Encerrado,Procedimento Preparatório,Promotoria de Justiça do Interior,Mazagão,Mazagão,417
P00225,DEMO-413-2024-00225,2026-05-20,2026-09-30,Encerrado,Notícia de Fato,Promotoria de Justiça de Macapá,Santana,Santana,133
P00226,DEMO-413-2025-00226,2021-11-17,,Ativo,Notícia de Fato,Promotoria de Justiça do Interior,Macapá,Macapá,1778
P00227,DEMO-413-2026-00227,2021-10-09,2022-05-06,Encerrado,Notícia de Fato,Promotoria de Justiça do Interior,Macapá,Macapá,209
P00228,DEMO-413-2021-00228,2022-12-11,,Ativo,Procedimento Administrativo,Promotoria de Justiça de Macapá,Laranjal do Jari,Laranjal do Jari,1389
P00229,DEMO-413-2022-00229,2025-04-30,,Ativo,Procedimento Administrativo,CAO da Cidadania,Macapá,Macapá,518
P00230,DEMO-413-2023-00230,2025-10-23,2026-09-27,Encerrado,Inquérito Civil,CAO da Cidadania,Oiapoque,Oiapoque,339
P00231,DEMO-413-2024-00231,2026-04-18,2026-09-30,Encerrado,Procedimento Administrativo,Promotoria de Justiça de Santana,Santana,Santana,165
P00232,DEMO-413-2025-00232,2025-07-19,,Ativo,Notícia de Fato,Promotoria de Justiça de Macapá,Laranjal do Jari,Laranjal do Jari,438
P00233,DEMO-413-2026-00233,2025-05-15,2026-09-30,Encerrado,Inquérito Civil,Promotoria de Justiça de Santana,Macapá,Macapá,503
P00234,DEMO-413-2021-00234,2025-11-08,2026-09-30,Encerrado,Procedimento Administrativo,Promotoria de Justiça de Macapá,Porto Grande,Porto Grande,326
P00235,DEMO-413-2022-00235,2021-08-19,,Ativo,Procedimento Preparatório,Promotoria de Justiça do Interior,Macapá,Macapá,1868
P00236,DEMO-413-2023-00236,2023-09-30,,Ativo,Procedimento Administrativo,Promotoria de Justiça de Santana,Macapá,Macapá,1096
P00237,DEMO-413-2024-00237,2023-01-03,2024-10-20,Encerrado,Notícia de Fato,Promotoria de Justiça de Santana,Macapá,Macapá,656
P00238,DEMO-413-2025-00238,2024-06-17,2024-09-12,Encerrado,Notícia de Fato,Promotoria de Justiça de Macapá,Santana,Santana,87
P00239,DEMO-413-2026-00239,2024-02-15,,Ativo,Notícia de Fato,Promotoria de Justiça do Interior,Mazagão,Mazagão,958
P00240,DEMO-413-2021-00240,2025-04-05,,Ativo,Procedimento Administrativo,Promotoria de Justiça de Santana,Macapá,Macapá,543
P00241,DEMO-413-2022-00241,2024-07-09,,Ativo,Procedimento Administrativo,Promotoria de Justiça de Macapá,Macapá,Macapá,813
P00242,DEMO-413-2023-00242,2024-07-19,,Ativo,Notícia de Fato,Promotoria de Justiça de Santana,Oiapoque,Oiapoque,803
P00243,DEMO-413-2024-00243,2021-01-23,2022-05-09,Encerrado,Notícia de Fato,Promotoria de Justiça do Interior,Macapá,Macapá,471
P00244,DEMO-413-2025-00244,2023-05-29,2023-10-14,Encerrado,Procedimento Administrativo,Promotoria de Justiça do Interior,Macapá,Macapá,138
P00245,DEMO-413-2026-00245,2023-09-24,,Ativo,Inquérito Civil,CAO da Cidadania,Laranjal do Jari,Laranjal do Jari,1102
P00246,DEMO-413-2021-00246,2021-02-17,,Ativo,Notícia de Fato,CAO da Cidadania,Macapá,Macapá,2051
P00247,DEMO-413-2022-00247,2025-10-31,,Ativo,Inquérito Civil,Promotoria de Justiça de Macapá,Macapá,Macapá,334
P00248,DEMO-413-2023-00248,2021-11-02,2022-09-10,Encerrado,Procedimento Administrativo,Promotoria de Justiça de Santana,Macapá,Macapá,312
P00249,DEMO-413-2024-00249,2024-05-26,2025-05-30,Encerrado,Procedimento Preparatório,Promotoria de Justiça de Santana,Macapá,Macapá,369
P00250,DEMO-413-2025-00250,2022-05-03,,Ativo,Procedimento Administrativo,Promotoria de Justiça de Macapá,Laranjal do Jari,Laranjal do Jari,1611
P00251,DEMO-413-2026-00251,2026-09-05,,Ativo,Notícia de Fato,Promotoria de Justiça de Macapá,Macapá,Macapá,25
P00252,DEMO-413-2021-00252,2021-04-05,2023-03-26,Encerrado,Procedimento Administrativo,Promotoria de Justiça de Santana,Macapá,Macapá,720
P00253,DEMO-413-2022-00253,2024-11-19,2026-05-17,Encerrado,Procedimento Administrativo,Promotoria de Justiça de Santana,Laranjal do Jari,Laranjal do Jari,544
P00254,DEMO-413-2023-00254,2023-11-08,2024-03-08,Encerrado,Inquérito Civil,Promotoria de Justiça de Macapá,Macapá,Macapá,121
P00255,DEMO-413-2024-00255,2023-02-17,,Ativo,Procedimento Administrativo,Promotoria de Justiça de Macapá,Macapá,Macapá,1321
P00256,DEMO-413-2025-00256,2021-04-17,,Ativo,Procedimento Preparatório,Promotoria de Justiça de Santana,Laranjal do Jari,Laranjal do Jari,1992
P00257,DEMO-413-2026-00257,2025-09-16,2025-11-30,Encerrado,Procedimento Administrativo,Promotoria de Justiça de Macapá,Mazagão,Mazagão,75
P00258,DEMO-413-2021-00258,2022-11-24,2023-03-24,Encerrado,Inquérito Civil,Promotoria de Justiça de Santana,Oiapoque,Oiapoque,120
P00259,DEMO-413-2022-00259,2021-12-21,2022-02-05,Encerrado,Procedimento Administrativo,Promotoria de Justiça do Interior,Macapá,Macapá,46
P00260,DEMO-413-2023-00260,2021-07-06,2022-08-04,Encerrado,Notícia de Fato,Promotoria de Justiça de Macapá,Macapá,Macapá,394
P00261,DEMO-413-2024-00261,2024-11-27,2026-08-05,Encerrado,Procedimento Administrativo,Promotoria de Justiça de Santana,Macapá,Macapá,616
P00262,DEMO-413-2025-00262,2024-04-15,2024-09-08,Encerrado,Notícia de Fato,CAO da Cidadania,Laranjal do Jari,Laranjal do Jari,146
P00263,DEMO-413-2026-00263,2022-04-26,2023-01-07,Encerrado,Inquérito Civil,Promotoria de Justiça de Macapá,Macapá,Macapá,256
P00264,DEMO-413-2021-00264,2022-09-13,2025-07-26,Encerrado,Procedimento Preparatório,Promotoria de Justiça de Santana,Macapá,Macapá,1047
P00265,DEMO-413-2022-00265,2023-09-26,,Ativo,Notícia de Fato,CAO da Cidadania,Macapá,Macapá,1100
P00266,DEMO-413-2023-00266,2025-04-11,2025-07-30,Encerrado,Procedimento Preparatório,Promotoria de Justiça de Santana,Macapá,Macapá,110
P00267,DEMO-413-2024-00267,2024-10-30,2025-04-07,Encerrado,Inquérito Civil,Promotoria de Justiça do Interior,Laranjal do Jari,Laranjal do Jari,159
P00268,DEMO-413-2025-00268,2025-05-08,2026-03-08,Encerrado,Notícia de Fato,CAO da Cidadania,Laranjal do Jari,Laranjal do Jari,304
P00269,DEMO-413-2026-00269,2025-03-19,2026-05-28,Encerrado,Procedimento Administrativo,Promotoria de Justiça do Interior,Macapá,Macapá,435
P00270,DEMO-413-2021-00270,2022-11-11,2023-08-21,Encerrado,Inquérito Civil,Promotoria de Justiça de Santana,Mazagão,Mazagão,283
P00271,DEMO-413-2022-00271,2021-09-27,,Ativo,Notícia de Fato,CAO da Cidadania,Macapá,Macapá,1829
P00272,DEMO-413-2023-00272,2024-07-25,2024-10-06,Encerrado,Notícia de Fato,Promotoria de Justiça de Santana,Mazagão,Mazagão,73
P00273,DEMO-413-2024-00273,2025-05-26,,Ativo,Notícia de Fato,Promotoria de Justiça de Santana,Macapá,Macapá,492
P00274,DEMO-413-2025-00274,2024-12-14,2025-05-28,Encerrado,Procedimento Administrativo,Promotoria de Justiça de Macapá,Macapá,Macapá,165
P00275,DEMO-413-2026-00275,2025-08-29,2026-09-30,Encerrado,Procedimento Administrativo,Promotoria de Justiça de Macapá,Santana,Santana,397
P00276,DEMO-413-2021-00276,2025-03-01,2026-04-11,Encerrado,Notícia de Fato,Promotoria de Justiça do Interior,Macapá,Macapá,406
P00277,DEMO-413-2022-00277,2024-12-18,2026-09-30,Encerrado,Notícia de Fato,CAO da Cidadania,Laranjal do Jari,Laranjal do Jari,651
P00278,DEMO-413-2023-00278,2026-03-23,2026-09-30,Encerrado,Notícia de Fato,Promotoria de Justiça de Santana,Macapá,Macapá,191
P00279,DEMO-413-2024-00279,2026-03-08,,Ativo,Inquérito Civil,Promotoria de Justiça do Interior,Macapá,Macapá,206
P00280,DEMO-413-2025-00280,2022-01-11,,Ativo,Procedimento Administrativo,Promotoria de Justiça do Interior,Santana,Santana,1723
P00281,DEMO-413-2026-00281,2023-05-06,,Ativo,Procedimento Preparatório,CAO da Cidadania,Santana,Santana,1243
P00282,DEMO-413-2021-00282,2021-10-13,2022-05-19,Encerrado,Procedimento Administrativo,CAO da Cidadania,Macapá,Macapá,218
P00283,DEMO-413-2022-00283,2024-06-04,2025-06-03,Encerrado,Notícia de Fato,Promotoria de Justiça de Santana,Mazagão,Mazagão,364
P00284,DEMO-413-2023-00284,2024-12-26,2026-09-30,Encerrado,Notícia de Fato,Promotoria de Justiça do Interior,Mazagão,Mazagão,643
P00285,DEMO-413-2024-00285,2025-07-26,2025-12-24,Encerrado,Inquérito Civil,Promotoria de Justiça do Interior,Laranjal do Jari,Laranjal do Jari,151
P00286,DEMO-413-2025-00286,2026-09-06,2026-09-30,Encerrado,Procedimento Administrativo,Promotoria de Justiça de Santana,Santana,Santana,24
P00287,DEMO-413-2026-00287,2021-07-31,,Ativo,Notícia de Fato,Promotoria de Justiça do Interior,Macapá,Macapá,1887
P00288,DEMO-413-2021-00288,2026-07-05,2026-09-30,Encerrado,Notícia de Fato,Promotoria de Justiça de Santana,Macapá,Macapá,87
P00289,DEMO-413-2022-00289,2021-02-15,,Ativo,Procedimento Preparatório,Promotoria de Justiça de Santana,Mazagão,Mazagão,2053
P00290,DEMO-413-2023-00290,2022-01-21,2023-11-25,Encerrado,Procedimento Preparatório,Promotoria de Justiça de Macapá,Santana,Santana,673
P00291,DEMO-413-2024-00291,2025-06-26,,Ativo,Procedimento Preparatório,Promotoria de Justiça do Interior,Santana,Santana,461
P00292,DEMO-413-2025-00292,2023-06-23,,Ativo,Notícia de Fato,Promotoria de Justiça de Macapá,Macapá,Macapá,1195
P00293,DEMO-413-2026-00293,2025-07-01,,Ativo,Procedimento Administrativo,Promotoria de Justiça de Macapá,Laranjal do Jari,Laranjal do Jari,456
P00294,DEMO-413-2021-00294,2021-12-26,2023-10-11,Encerrado,Procedimento Administrativo,Promotoria de Justiça de Macapá,Santana,Santana,654
P00295,DEMO-413-2022-00295,2022-11-30,2023-07-03,Encerrado,Procedimento Preparatório,Promotoria de Justiça de Santana,Macapá,Macapá,215
P00296,DEMO-413-2023-00296,2023-03-09,,Ativo,Notícia de Fato,Promotoria de Justiça de Santana,Santana,Santana,1301
P00297,DEMO-413-2024-00297,2022-08-15,,Ativo,Procedimento Preparatório,Promotoria de Justiça de Macapá,Oiapoque,Oiapoque,1507
P00298,DEMO-413-2025-00298,2024-09-13,2025-09-23,Encerrado,Notícia de Fato,Promotoria de Justiça de Santana,Macapá,Macapá,375
P00299,DEMO-413-2026-00299,2021-08-24,2022-03-19,Encerrado,Procedimento Administrativo,CAO da Cidadania,Macapá,Macapá,207
P00300,DEMO-413-2021-00300,2026-08-10,2026-09-30,Encerrado,Notícia de Fato,Promotoria de Justiça do Interior,Santana,Santana,51
P00301,DEMO-413-2022-00301,2021-10-21,,Ativo,Procedimento Preparatório,Promotoria de Justiça de Macapá,Santana,Santana,1805
P00302,DEMO-413-2023-00302,2025-10-04,,Ativo,Notícia de Fato,Promotoria de Justiça de Macapá,Laranjal do Jari,Laranjal do Jari,361
P00303,DEMO-413-2024-00303,2024-02-19,,Ativo,Notícia de Fato,Promotoria de Justiça de Macapá,Macapá,Macapá,954
P00304,DEMO-413-2025-00304,2022-12-07,2023-10-03,Encerrado,Inquérito Civil,Promotoria de Justiça de Santana,Macapá,Macapá,300
P00305,DEMO-413-2026-00305,2026-03-25,2026-09-30,Encerrado,Notícia de Fato,Promotoria de Justiça de Santana,Macapá,Macapá,189
P00306,DEMO-413-2021-00306,2026-09-26,2026-09-30,Encerrado,Notícia de Fato,Promotoria de Justiça de Macapá,Macapá,Macapá,4
P00307,DEMO-413-2022-00307,2023-10-10,2024-01-28,Encerrado,Procedimento Administrativo,Promotoria de Justiça de Santana,Macapá,Macapá,110
P00308,DEMO-413-2023-00308,2023-08-05,2024-05-26,Encerrado,Notícia de Fato,Promotoria de Justiça do Interior,Santana,Santana,295
P00309,DEMO-413-2024-00309,2024-02-14,2024-10-02,Encerrado,Procedimento Administrativo,Promotoria de Justiça de Macapá,Santana,Santana,231
P00310,DEMO-413-2025-00310,2026-01-25,2026-08-19,Encerrado,Procedimento Preparatório,Promotoria de Justiça de Santana,Oiapoque,Oiapoque,206
P00311,DEMO-413-2026-00311,2026-05-19,,Ativo,Procedimento Administrativo,,Macapá,Macapá,134
P00312,DEMO-413-2021-00312,2023-09-02,2024-02-17,Encerrado,Notícia de Fato,CAO da Cidadania,Macapá,Macapá,168
P00313,DEMO-413-2022-00313,2024-10-20,,Ativo,Procedimento Administrativo,Promotoria de Justiça do Interior,Macapá,Macapá,710
P00314,DEMO-413-2023-00314,2022-05-04,2023-04-02,Encerrado,Procedimento Preparatório,CAO da Cidadania,Laranjal do Jari,Laranjal do Jari,333
P00315,DEMO-413-2024-00315,2021-11-04,,Ativo,Procedimento Administrativo,CAO da Cidadania,Macapá,Macapá,1791
P00316,DEMO-413-2025-00316,2026-09-11,,Ativo,Procedimento Administrativo,Promotoria de Justiça de Macapá,Santana,Santana,19
P00317,DEMO-413-2026-00317,2024-04-25,2024-12-23,Encerrado,Procedimento Administrativo,Promotoria de Justiça de Macapá,Macapá,Macapá,242
P00318,DEMO-413-2021-00318,2021-10-10,2022-10-11,Encerrado,Procedimento Administrativo,CAO da Cidadania,Macapá,Macapá,366
P00319,DEMO-413-2022-00319,2023-03-31,,Ativo,Procedimento Administrativo,CAO da Cidadania,Macapá,Macapá,1279
P00320,DEMO-413-2023-00320,2024-09-12,2026-01-13,Encerrado,Procedimento Administrativo,Promotoria de Justiça do Interior,Macapá,Macapá,488
P00321,DEMO-413-2024-00321,2023-05-23,,Ativo,Notícia de Fato,Promotoria de Justiça de Macapá,Macapá,Macapá,1226
P00322,DEMO-413-2025-00322,2025-03-05,,Ativo,Inquérito Civil,Promotoria de Justiça de Santana,Macapá,Macapá,574
P00323,DEMO-413-2026-00323,2021-02-27,2021-06-09,Encerrado,Procedimento Administrativo,Promotoria de Justiça do Interior,Macapá,Macapá,102
P00324,DEMO-413-2021-00324,2023-11-18,,Ativo,Notícia de Fato,Promotoria de Justiça de Macapá,Macapá,Macapá,1047
P00325,DEMO-413-2022-00325,2022-08-20,,Ativo,Inquérito Civil,Promotoria de Justiça de Macapá,Macapá,Macapá,1502
P00326,DEMO-413-2023-00326,2023-05-23,2024-01-12,Encerrado,Procedimento Administrativo,Promotoria de Justiça de Macapá,Mazagão,Mazagão,234
P00327,DEMO-413-2024-00327,2023-12-11,2024-11-03,Encerrado,Notícia de Fato,Promotoria de Justiça de Macapá,Santana,Santana,328
P00328,DEMO-413-2025-00328,2023-02-04,2026-06-09,Encerrado,Procedimento Administrativo,Promotoria de Justiça de Santana,Macapá,Macapá,1221
P00329,DEMO-413-2026-00329,2025-12-30,,Ativo,Procedimento Administrativo,Promotoria de Justiça de Macapá,Macapá,Macapá,274
P00330,DEMO-413-2021-00330,2023-04-24,2024-02-16,Encerrado,Procedimento Administrativo,Promotoria de Justiça de Santana,Macapá,Macapá,298
P00331,DEMO-413-2022-00331,2025-01-11,2026-03-29,Encerrado,Procedimento Preparatório,Promotoria de Justiça de Macapá,Oiapoque,Oiapoque,442
P00332,DEMO-413-2023-00332,2025-03-13,2025-06-21,Encerrado,Procedimento Administrativo,Promotoria de Justiça de Macapá,Mazagão,Mazagão,100
P00333,DEMO-413-2024-00333,2026-04-30,,Ativo,Procedimento Preparatório,CAO da Cidadania,Macapá,Macapá,153
P00334,DEMO-413-2025-00334,2023-09-21,,Ativo,Notícia de Fato,Promotoria de Justiça de Santana,Oiapoque,Oiapoque,1105
P00335,DEMO-413-2026-00335,2024-12-20,,Ativo,Notícia de Fato,Promotoria de Justiça de Santana,Santana,Santana,649
P00336,DEMO-413-2021-00336,2023-08-30,2025-07-13,Encerrado,Inquérito Civil,Promotoria de Justiça de Macapá,Macapá,Macapá,683
P00337,DEMO-413-2022-00337,2026-04-30,2026-09-30,Encerrado,Inquérito Civil,CAO da Cidadania,Laranjal do Jari,Laranjal do Jari,153
P00338,DEMO-413-2023-00338,2022-10-27,2023-11-10,Encerrado,Notícia de Fato,Promotoria de Justiça do Interior,Santana,Santana,379
P00339,DEMO-413-2024-00339,2022-06-12,2024-01-10,Encerrado,Inquérito Civil,,Santana,Santana,577
P00340,DEMO-413-2025-00340,2021-05-08,2021-08-12,Encerrado,Notícia de Fato,Promotoria de Justiça do Interior,Porto Grande,Porto Grande,96
P00341,DEMO-413-2026-00341,2024-12-03,2026-05-01,Encerrado,Notícia de Fato,Promotoria de Justiça de Santana,Santana,Santana,514
P00342,DEMO-413-2021-00342,2022-07-28,2023-12-08,Encerrado,Procedimento Administrativo,CAO da Cidadania,Santana,Santana,498
P00343,DEMO-413-2022-00343,2021-06-16,2023-10-12,Encerrado,Procedimento Preparatório,Promotoria de Justiça do Interior,Macapá,Macapá,848
P00344,DEMO-413-2023-00344,2022-05-23,2023-06-03,Encerrado,Procedimento Administrativo,CAO da Cidadania,Macapá,Macapá,376
P00345,DEMO-413-2024-00345,2026-01-30,2026-09-30,Encerrado,Inquérito Civil,,Santana,Santana,243
P00346,DEMO-413-2025-00346,2021-02-19,2021-11-01,Encerrado,Inquérito Civil,Promotoria de Justiça do Interior,Oiapoque,Oiapoque,255
P00347,DEMO-413-2026-00347,2022-05-13,2023-05-20,Encerrado,Procedimento Administrativo,Promotoria de Justiça de Santana,Macapá,Macapá,372
P00348,DEMO-413-2021-00348,2026-06-18,2026-09-30,Encerrado,Procedimento Preparatório,Promotoria de Justiça de Macapá,Laranjal do Jari,Laranjal do Jari,104
P00349,DEMO-413-2022-00349,2021-12-06,2023-04-09,Encerrado,Inquérito Civil,Promotoria de Justiça de Macapá,Macapá,Macapá,489
P00350,DEMO-413-2023-00350,2021-04-24,,Ativo,Procedimento Administrativo,Promotoria de Justiça de Macapá,Macapá,Macapá,1985
P00351,DEMO-413-2024-00351,2021-08-21,2022-11-02,Encerrado,Procedimento Administrativo,Promotoria de Justiça de Macapá,Macapá,Macapá,438
P00352,DEMO-413-2025-00352,2024-02-24,2024-12-10,Encerrado,Inquérito Civil,Promotoria de Justiça de Santana,Santana,Santana,290
P00353,DEMO-413-2026-00353,2024-02-22,2024-11-15,Encerrado,Procedimento Preparatório,Promotoria de Justiça de Macapá,Macapá,Macapá,267
P00354,DEMO-413-2021-00354,2026-06-14,,Ativo,Procedimento Administrativo,Promotoria de Justiça de Macapá,Macapá,Macapá,108
P00355,DEMO-413-2022-00355,2022-09-27,,Ativo,Inquérito Civil,,Mazagão,Mazagão,1464
P00356,DEMO-413-2023-00356,2022-04-13,,Ativo,Procedimento Administrativo,Promotoria de Justiça de Santana,Macapá,Macapá,1631
P00357,DEMO-413-2024-00357,2023-12-17,,Ativo,Notícia de Fato,Promotoria de Justiça de Macapá,Santana,Santana,1018
P00358,DEMO-413-2025-00358,2021-05-01,2021-07-17,Encerrado,Notícia de Fato,Promotoria de Justiça de Santana,Macapá,Macapá,77
P00359,DEMO-413-2026-00359,2023-11-25,2026-01-15,Encerrado,Procedimento Preparatório,Promotoria de Justiça do Interior,Mazagão,Mazagão,782
P00360,DEMO-413-2021-00360,2024-08-04,2024-11-14,Encerrado,Procedimento Preparatório,Promotoria de Justiça de Macapá,Santana,Santana,102
